"HRRNUM","HRRCITY","Total_Neighbors","HRRNUM_NEIGHBOR"
1,"AL- BIRMINGHAM",12,"373"
1,"AL- BIRMINGHAM",12,"148"
1,"AL- BIRMINGHAM",12,"144"
1,"AL- BIRMINGHAM",12,"146"
1,"AL- BIRMINGHAM",12,"6"
1,"AL- BIRMINGHAM",12,"9"
1,"AL- BIRMINGHAM",12,"7"
1,"AL- BIRMINGHAM",12,"5"
1,"AL- BIRMINGHAM",12,"379"
1,"AL- BIRMINGHAM",12,"262"
1,"AL- BIRMINGHAM",12,"260"
1,"AL- BIRMINGHAM",12,"380"
2,"AL- DOTHAN",6,"146"
2,"AL- DOTHAN",6,"140"
2,"AL- DOTHAN",6,"142"
2,"AL- DOTHAN",6,"134"
2,"AL- DOTHAN",6,"7"
2,"AL- DOTHAN",6,"133"
5,"AL- HUNTSVILLE",3,"373"
5,"AL- HUNTSVILLE",3,"1"
5,"AL- HUNTSVILLE",3,"380"
6,"AL- MOBILE",6,"1"
6,"AL- MOBILE",6,"134"
6,"AL- MOBILE",6,"7"
6,"AL- MOBILE",6,"258"
6,"AL- MOBILE",6,"260"
6,"AL- MOBILE",6,"257"
7,"AL- MONTGOMERY",5,"146"
7,"AL- MONTGOMERY",5,"6"
7,"AL- MONTGOMERY",5,"1"
7,"AL- MONTGOMERY",5,"134"
7,"AL- MONTGOMERY",5,"2"
9,"AL- TUSCALOOSA",3,"1"
9,"AL- TUSCALOOSA",3,"262"
9,"AL- TUSCALOOSA",3,"260"
11,"AZ- MESA",2,"15"
11,"AZ- MESA",2,"12"
12,"AZ- PHOENIX",8,"223"
12,"AZ- PHOENIX",8,"11"
12,"AZ- PHOENIX",8,"15"
12,"AZ- PHOENIX",8,"293"
12,"AZ- PHOENIX",8,"80"
12,"AZ- PHOENIX",8,"14"
12,"AZ- PHOENIX",8,"279"
12,"AZ- PHOENIX",8,"423"
14,"AZ- SUN CITY",1,"12"
15,"AZ- TUCSON",3,"11"
15,"AZ- TUCSON",3,"293"
15,"AZ- TUCSON",3,"12"
16,"AR- FORT SMITH",5,"340"
16,"AR- FORT SMITH",5,"21"
16,"AR- FORT SMITH",5,"19"
16,"AR- FORT SMITH",5,"22"
16,"AR- FORT SMITH",5,"339"
18,"AR- JONESBORO",5,"379"
18,"AR- JONESBORO",5,"270"
18,"AR- JONESBORO",5,"273"
18,"AR- JONESBORO",5,"263"
18,"AR- JONESBORO",5,"19"
19,"AR- LITTLE ROCK",8,"379"
19,"AR- LITTLE ROCK",8,"270"
19,"AR- LITTLE ROCK",8,"21"
19,"AR- LITTLE ROCK",8,"18"
19,"AR- LITTLE ROCK",8,"217"
19,"AR- LITTLE ROCK",8,"219"
19,"AR- LITTLE ROCK",8,"22"
19,"AR- LITTLE ROCK",8,"16"
21,"AR- SPRINGDALE",5,"270"
21,"AR- SPRINGDALE",5,"267"
21,"AR- SPRINGDALE",5,"340"
21,"AR- SPRINGDALE",5,"19"
21,"AR- SPRINGDALE",5,"16"
22,"AR- TEXARKANA",7,"391"
22,"AR- TEXARKANA",7,"416"
22,"AR- TEXARKANA",7,"399"
22,"AR- TEXARKANA",7,"19"
22,"AR- TEXARKANA",7,"219"
22,"AR- TEXARKANA",7,"339"
22,"AR- TEXARKANA",7,"16"
23,"CA- ORANGE CO.",3,"79"
23,"CA- ORANGE CO.",3,"80"
23,"CA- ORANGE CO.",3,"56"
25,"CA- BAKERSFIELD",4,"79"
25,"CA- BAKERSFIELD",4,"43"
25,"CA- BAKERSFIELD",4,"56"
25,"CA- BAKERSFIELD",4,"83"
31,"CA- CHICO",3,"73"
31,"CA- CHICO",3,"77"
31,"CA- CHICO",3,"280"
33,"CA- CONTRA COSTA CO.",5,"65"
33,"CA- CONTRA COSTA CO.",5,"81"
33,"CA- CONTRA COSTA CO.",5,"91"
33,"CA- CONTRA COSTA CO.",5,"62"
33,"CA- CONTRA COSTA CO.",5,"77"
43,"CA- FRESNO",6,"25"
43,"CA- FRESNO",6,"78"
43,"CA- FRESNO",6,"82"
43,"CA- FRESNO",6,"83"
43,"CA- FRESNO",6,"58"
43,"CA- FRESNO",6,"280"
56,"CA- LOS ANGELES",4,"79"
56,"CA- LOS ANGELES",4,"25"
56,"CA- LOS ANGELES",4,"23"
56,"CA- LOS ANGELES",4,"96"
58,"CA- MODESTO",5,"43"
58,"CA- MODESTO",5,"82"
58,"CA- MODESTO",5,"65"
58,"CA- MODESTO",5,"91"
58,"CA- MODESTO",5,"280"
62,"CA- NAPA",5,"81"
62,"CA- NAPA",5,"33"
62,"CA- NAPA",5,"89"
62,"CA- NAPA",5,"73"
62,"CA- NAPA",5,"77"
65,"CA- ALAMEDA CO.",5,"82"
65,"CA- ALAMEDA CO.",5,"58"
65,"CA- ALAMEDA CO.",5,"81"
65,"CA- ALAMEDA CO.",5,"33"
65,"CA- ALAMEDA CO.",5,"91"
69,"CA- PALM SPR/RANCHO MIR.",3,"79"
69,"CA- PALM SPR/RANCHO MIR.",3,"80"
69,"CA- PALM SPR/RANCHO MIR.",3,"279"
73,"CA- REDDING",3,"343"
73,"CA- REDDING",3,"62"
73,"CA- REDDING",3,"31"
77,"CA- SACRAMENTO",5,"33"
77,"CA- SACRAMENTO",5,"91"
77,"CA- SACRAMENTO",5,"62"
77,"CA- SACRAMENTO",5,"31"
77,"CA- SACRAMENTO",5,"280"
78,"CA- SALINAS",4,"43"
78,"CA- SALINAS",4,"82"
78,"CA- SALINAS",4,"83"
78,"CA- SALINAS",4,"87"
79,"CA- SAN BERNARDINO",6,"69"
79,"CA- SAN BERNARDINO",6,"80"
79,"CA- SAN BERNARDINO",6,"279"
79,"CA- SAN BERNARDINO",6,"25"
79,"CA- SAN BERNARDINO",6,"56"
79,"CA- SAN BERNARDINO",6,"23"
80,"CA- SAN DIEGO",5,"12"
80,"CA- SAN DIEGO",5,"79"
80,"CA- SAN DIEGO",5,"69"
80,"CA- SAN DIEGO",5,"279"
80,"CA- SAN DIEGO",5,"23"
81,"CA- SAN FRANCISCO",5,"85"
81,"CA- SAN FRANCISCO",5,"65"
81,"CA- SAN FRANCISCO",5,"33"
81,"CA- SAN FRANCISCO",5,"89"
81,"CA- SAN FRANCISCO",5,"62"
82,"CA- SAN JOSE",6,"43"
82,"CA- SAN JOSE",6,"78"
82,"CA- SAN JOSE",6,"58"
82,"CA- SAN JOSE",6,"87"
82,"CA- SAN JOSE",6,"85"
82,"CA- SAN JOSE",6,"65"
83,"CA- SAN LUIS OBISPO",4,"43"
83,"CA- SAN LUIS OBISPO",4,"25"
83,"CA- SAN LUIS OBISPO",4,"78"
83,"CA- SAN LUIS OBISPO",4,"86"
85,"CA- SAN MATEO CO.",3,"82"
85,"CA- SAN MATEO CO.",3,"87"
85,"CA- SAN MATEO CO.",3,"81"
86,"CA- SANTA BARBARA",2,"83"
86,"CA- SANTA BARBARA",2,"96"
87,"CA- SANTA CRUZ",3,"78"
87,"CA- SANTA CRUZ",3,"82"
87,"CA- SANTA CRUZ",3,"85"
89,"CA- SANTA ROSA",2,"81"
89,"CA- SANTA ROSA",2,"62"
91,"CA- STOCKTON",4,"58"
91,"CA- STOCKTON",4,"65"
91,"CA- STOCKTON",4,"33"
91,"CA- STOCKTON",4,"77"
96,"CA- VENTURA",2,"56"
96,"CA- VENTURA",2,"86"
101,"CO- BOULDER",3,"103"
101,"CO- BOULDER",3,"104"
101,"CO- BOULDER",3,"106"
102,"CO- COLORADO SPRINGS",6,"103"
102,"CO- COLORADO SPRINGS",6,"105"
102,"CO- COLORADO SPRINGS",6,"107"
102,"CO- COLORADO SPRINGS",6,"293"
102,"CO- COLORADO SPRINGS",6,"201"
102,"CO- COLORADO SPRINGS",6,"383"
103,"CO- DENVER",10,"102"
103,"CO- DENVER",10,"104"
103,"CO- DENVER",10,"101"
103,"CO- DENVER",10,"106"
103,"CO- DENVER",10,"277"
103,"CO- DENVER",10,"105"
103,"CO- DENVER",10,"201"
103,"CO- DENVER",10,"370"
103,"CO- DENVER",10,"457"
103,"CO- DENVER",10,"423"
104,"CO- FORT COLLINS",4,"103"
104,"CO- FORT COLLINS",4,"101"
104,"CO- FORT COLLINS",4,"106"
104,"CO- FORT COLLINS",4,"457"
105,"CO- GRAND JUNCTION",4,"102"
105,"CO- GRAND JUNCTION",4,"103"
105,"CO- GRAND JUNCTION",4,"293"
105,"CO- GRAND JUNCTION",4,"423"
106,"CO- GREELEY",3,"103"
106,"CO- GREELEY",3,"104"
106,"CO- GREELEY",3,"101"
107,"CO- PUEBLO",1,"102"
109,"CT- BRIDGEPORT",2,"111"
109,"CT- BRIDGEPORT",2,"308"
110,"CT- HARTFORD",5,"230"
110,"CT- HARTFORD",5,"231"
110,"CT- HARTFORD",5,"295"
110,"CT- HARTFORD",5,"111"
110,"CT- HARTFORD",5,"364"
111,"CT- NEW HAVEN",5,"295"
111,"CT- NEW HAVEN",5,"110"
111,"CT- NEW HAVEN",5,"308"
111,"CT- NEW HAVEN",5,"364"
111,"CT- NEW HAVEN",5,"109"
112,"DE- WILMINGTON",5,"283"
112,"DE- WILMINGTON",5,"355"
112,"DE- WILMINGTON",5,"223"
112,"DE- WILMINGTON",5,"225"
112,"DE- WILMINGTON",5,"356"
113,"DC- WASHINGTON",8,"445"
113,"DC- WASHINGTON",8,"435"
113,"DC- WASHINGTON",8,"426"
113,"DC- WASHINGTON",8,"352"
113,"DC- WASHINGTON",8,"354"
113,"DC- WASHINGTON",8,"347"
113,"DC- WASHINGTON",8,"223"
113,"DC- WASHINGTON",8,"226"
115,"FL- BRADENTON",4,"130"
115,"FL- BRADENTON",4,"141"
115,"FL- BRADENTON",4,"124"
115,"FL- BRADENTON",4,"137"
116,"FL- CLEARWATER",3,"139"
116,"FL- CLEARWATER",3,"141"
116,"FL- CLEARWATER",3,"122"
118,"FL- FORT LAUDERDALE",3,"130"
118,"FL- FORT LAUDERDALE",3,"119"
118,"FL- FORT LAUDERDALE",3,"127"
119,"FL- FORT MYERS",3,"130"
119,"FL- FORT MYERS",3,"118"
119,"FL- FORT MYERS",3,"137"
120,"FL- GAINESVILLE",5,"140"
120,"FL- GAINESVILLE",5,"123"
120,"FL- GAINESVILLE",5,"129"
120,"FL- GAINESVILLE",5,"130"
120,"FL- GAINESVILLE",5,"131"
122,"FL- HUDSON",4,"129"
122,"FL- HUDSON",4,"116"
122,"FL- HUDSON",4,"130"
122,"FL- HUDSON",4,"141"
123,"FL- JACKSONVILLE",5,"147"
123,"FL- JACKSONVILLE",5,"140"
123,"FL- JACKSONVILLE",5,"149"
123,"FL- JACKSONVILLE",5,"120"
123,"FL- JACKSONVILLE",5,"131"
124,"FL- LAKELAND",3,"130"
124,"FL- LAKELAND",3,"141"
124,"FL- LAKELAND",3,"115"
127,"FL- MIAMI",1,"118"
129,"FL- OCALA",3,"120"
129,"FL- OCALA",3,"130"
129,"FL- OCALA",3,"122"
130,"FL- ORLANDO",10,"120"
130,"FL- ORLANDO",10,"129"
130,"FL- ORLANDO",10,"131"
130,"FL- ORLANDO",10,"141"
130,"FL- ORLANDO",10,"122"
130,"FL- ORLANDO",10,"124"
130,"FL- ORLANDO",10,"115"
130,"FL- ORLANDO",10,"119"
130,"FL- ORLANDO",10,"118"
130,"FL- ORLANDO",10,"137"
131,"FL- ORMOND BEACH",3,"120"
131,"FL- ORMOND BEACH",3,"123"
131,"FL- ORMOND BEACH",3,"130"
133,"FL- PANAMA CITY",3,"140"
133,"FL- PANAMA CITY",3,"134"
133,"FL- PANAMA CITY",3,"2"
134,"FL- PENSACOLA",4,"6"
134,"FL- PENSACOLA",4,"2"
134,"FL- PENSACOLA",4,"7"
134,"FL- PENSACOLA",4,"133"
137,"FL- SARASOTA",3,"130"
137,"FL- SARASOTA",3,"115"
137,"FL- SARASOTA",3,"119"
139,"FL- ST PETERSBURG",1,"116"
140,"FL- TALLAHASSEE",6,"147"
140,"FL- TALLAHASSEE",6,"142"
140,"FL- TALLAHASSEE",6,"2"
140,"FL- TALLAHASSEE",6,"120"
140,"FL- TALLAHASSEE",6,"123"
140,"FL- TALLAHASSEE",6,"133"
141,"FL- TAMPA",5,"116"
141,"FL- TAMPA",5,"130"
141,"FL- TAMPA",5,"122"
141,"FL- TAMPA",5,"124"
141,"FL- TAMPA",5,"115"
142,"GA- ALBANY",4,"147"
142,"GA- ALBANY",4,"146"
142,"GA- ALBANY",4,"140"
142,"GA- ALBANY",4,"2"
144,"GA- ATLANTA",10,"377"
144,"GA- ATLANTA",10,"373"
144,"GA- ATLANTA",10,"148"
144,"GA- ATLANTA",10,"147"
144,"GA- ATLANTA",10,"309"
144,"GA- ATLANTA",10,"368"
144,"GA- ATLANTA",10,"145"
144,"GA- ATLANTA",10,"366"
144,"GA- ATLANTA",10,"146"
144,"GA- ATLANTA",10,"1"
145,"GA- AUGUSTA",5,"365"
145,"GA- AUGUSTA",5,"144"
145,"GA- AUGUSTA",5,"147"
145,"GA- AUGUSTA",5,"366"
145,"GA- AUGUSTA",5,"149"
146,"GA- COLUMBUS",6,"144"
146,"GA- COLUMBUS",6,"147"
146,"GA- COLUMBUS",6,"142"
146,"GA- COLUMBUS",6,"1"
146,"GA- COLUMBUS",6,"2"
146,"GA- COLUMBUS",6,"7"
147,"GA- MACON",7,"144"
147,"GA- MACON",7,"145"
147,"GA- MACON",7,"146"
147,"GA- MACON",7,"140"
147,"GA- MACON",7,"149"
147,"GA- MACON",7,"142"
147,"GA- MACON",7,"123"
148,"GA- ROME",3,"373"
148,"GA- ROME",3,"144"
148,"GA- ROME",3,"1"
149,"GA- SAVANNAH",4,"365"
149,"GA- SAVANNAH",4,"147"
149,"GA- SAVANNAH",4,"145"
149,"GA- SAVANNAH",4,"123"
151,"ID- BOISE",7,"440"
151,"ID- BOISE",7,"276"
151,"ID- BOISE",7,"152"
151,"ID- BOISE",7,"341"
151,"ID- BOISE",7,"344"
151,"ID- BOISE",7,"423"
151,"ID- BOISE",7,"280"
152,"ID- IDAHO FALLS",4,"151"
152,"ID- IDAHO FALLS",4,"276"
152,"ID- IDAHO FALLS",4,"274"
152,"ID- IDAHO FALLS",4,"423"
154,"IL- AURORA",5,"164"
154,"IL- AURORA",5,"166"
154,"IL- AURORA",5,"163"
154,"IL- AURORA",5,"171"
154,"IL- AURORA",5,"170"
155,"IL- BLUE ISLAND",5,"164"
155,"IL- BLUE ISLAND",5,"166"
155,"IL- BLUE ISLAND",5,"181"
155,"IL- BLUE ISLAND",5,"156"
155,"IL- BLUE ISLAND",5,"186"
156,"IL- CHICAGO",5,"166"
156,"IL- CHICAGO",5,"161"
156,"IL- CHICAGO",5,"155"
156,"IL- CHICAGO",5,"186"
156,"IL- CHICAGO",5,"246"
158,"IL- ELGIN",4,"166"
158,"IL- ELGIN",4,"161"
158,"IL- ELGIN",4,"451"
158,"IL- ELGIN",4,"171"
161,"IL- EVANSTON",4,"158"
161,"IL- EVANSTON",4,"166"
161,"IL- EVANSTON",4,"156"
161,"IL- EVANSTON",4,"451"
163,"IL- HINSDALE",3,"164"
163,"IL- HINSDALE",3,"166"
163,"IL- HINSDALE",3,"154"
164,"IL- JOLIET",9,"166"
164,"IL- JOLIET",9,"173"
164,"IL- JOLIET",9,"154"
164,"IL- JOLIET",9,"184"
164,"IL- JOLIET",9,"181"
164,"IL- JOLIET",9,"163"
164,"IL- JOLIET",9,"155"
164,"IL- JOLIET",9,"170"
164,"IL- JOLIET",9,"175"
166,"IL- MELROSE PARK",8,"164"
166,"IL- MELROSE PARK",8,"158"
166,"IL- MELROSE PARK",8,"154"
166,"IL- MELROSE PARK",8,"161"
166,"IL- MELROSE PARK",8,"156"
166,"IL- MELROSE PARK",8,"163"
166,"IL- MELROSE PARK",8,"155"
166,"IL- MELROSE PARK",8,"171"
170,"IL- PEORIA",6,"164"
170,"IL- PEORIA",6,"154"
170,"IL- PEORIA",6,"191"
170,"IL- PEORIA",6,"171"
170,"IL- PEORIA",6,"175"
170,"IL- PEORIA",6,"172"
171,"IL- ROCKFORD",8,"158"
171,"IL- ROCKFORD",8,"166"
171,"IL- ROCKFORD",8,"154"
171,"IL- ROCKFORD",8,"449"
171,"IL- ROCKFORD",8,"451"
171,"IL- ROCKFORD",8,"193"
171,"IL- ROCKFORD",8,"191"
171,"IL- ROCKFORD",8,"170"
172,"IL- SPRINGFIELD",8,"173"
172,"IL- SPRINGFIELD",8,"273"
172,"IL- SPRINGFIELD",8,"264"
172,"IL- SPRINGFIELD",8,"191"
172,"IL- SPRINGFIELD",8,"170"
172,"IL- SPRINGFIELD",8,"175"
172,"IL- SPRINGFIELD",8,"194"
172,"IL- SPRINGFIELD",8,"179"
173,"IL- URBANA",7,"164"
173,"IL- URBANA",7,"183"
173,"IL- URBANA",7,"188"
173,"IL- URBANA",7,"184"
173,"IL- URBANA",7,"175"
173,"IL- URBANA",7,"172"
173,"IL- URBANA",7,"179"
175,"IL- BLOOMINGTON",4,"164"
175,"IL- BLOOMINGTON",4,"173"
175,"IL- BLOOMINGTON",4,"170"
175,"IL- BLOOMINGTON",4,"172"
179,"IN- EVANSVILLE",8,"173"
179,"IN- EVANSVILLE",8,"183"
179,"IN- EVANSVILLE",8,"188"
179,"IN- EVANSVILLE",8,"273"
179,"IN- EVANSVILLE",8,"207"
179,"IN- EVANSVILLE",8,"205"
179,"IN- EVANSVILLE",8,"172"
179,"IN- EVANSVILLE",8,"208"
180,"IN- FORT WAYNE",7,"183"
180,"IN- FORT WAYNE",7,"185"
180,"IN- FORT WAYNE",7,"187"
180,"IN- FORT WAYNE",7,"330"
180,"IN- FORT WAYNE",7,"238"
180,"IN- FORT WAYNE",7,"232"
180,"IN- FORT WAYNE",7,"334"
181,"IN- GARY",7,"164"
181,"IN- GARY",7,"183"
181,"IN- GARY",7,"184"
181,"IN- GARY",7,"187"
181,"IN- GARY",7,"248"
181,"IN- GARY",7,"155"
181,"IN- GARY",7,"186"
183,"IN- INDIANAPOLIS",11,"327"
183,"IN- INDIANAPOLIS",11,"173"
183,"IN- INDIANAPOLIS",11,"188"
183,"IN- INDIANAPOLIS",11,"185"
183,"IN- INDIANAPOLIS",11,"184"
183,"IN- INDIANAPOLIS",11,"180"
183,"IN- INDIANAPOLIS",11,"187"
183,"IN- INDIANAPOLIS",11,"181"
183,"IN- INDIANAPOLIS",11,"330"
183,"IN- INDIANAPOLIS",11,"205"
183,"IN- INDIANAPOLIS",11,"179"
184,"IN- LAFAYETTE",4,"164"
184,"IN- LAFAYETTE",4,"173"
184,"IN- LAFAYETTE",4,"183"
184,"IN- LAFAYETTE",4,"181"
185,"IN- MUNCIE",3,"183"
185,"IN- MUNCIE",3,"180"
185,"IN- MUNCIE",3,"330"
186,"IN- MUNSTER",3,"181"
186,"IN- MUNSTER",3,"156"
186,"IN- MUNSTER",3,"155"
187,"IN- SOUTH BEND",5,"183"
187,"IN- SOUTH BEND",5,"180"
187,"IN- SOUTH BEND",5,"181"
187,"IN- SOUTH BEND",5,"248"
187,"IN- SOUTH BEND",5,"238"
188,"IN- TERRE HAUTE",3,"173"
188,"IN- TERRE HAUTE",3,"183"
188,"IN- TERRE HAUTE",3,"179"
190,"IA- CEDAR RAPIDS",6,"448"
190,"IA- CEDAR RAPIDS",6,"193"
190,"IA- CEDAR RAPIDS",6,"191"
190,"IA- CEDAR RAPIDS",6,"192"
190,"IA- CEDAR RAPIDS",6,"194"
190,"IA- CEDAR RAPIDS",6,"197"
191,"IA- DAVENPORT",6,"193"
191,"IA- DAVENPORT",6,"171"
191,"IA- DAVENPORT",6,"170"
191,"IA- DAVENPORT",6,"172"
191,"IA- DAVENPORT",6,"190"
191,"IA- DAVENPORT",6,"194"
192,"IA- DES MOINES",9,"371"
192,"IA- DES MOINES",9,"264"
192,"IA- DES MOINES",9,"268"
192,"IA- DES MOINES",9,"196"
192,"IA- DES MOINES",9,"195"
192,"IA- DES MOINES",9,"190"
192,"IA- DES MOINES",9,"194"
192,"IA- DES MOINES",9,"197"
192,"IA- DES MOINES",9,"278"
193,"IA- DUBUQUE",5,"448"
193,"IA- DUBUQUE",5,"449"
193,"IA- DUBUQUE",5,"191"
193,"IA- DUBUQUE",5,"171"
193,"IA- DUBUQUE",5,"190"
194,"IA- IOWA CITY",5,"264"
194,"IA- IOWA CITY",5,"191"
194,"IA- IOWA CITY",5,"172"
194,"IA- IOWA CITY",5,"192"
194,"IA- IOWA CITY",5,"190"
195,"IA- MASON CITY",5,"371"
195,"IA- MASON CITY",5,"251"
195,"IA- MASON CITY",5,"253"
195,"IA- MASON CITY",5,"192"
195,"IA- MASON CITY",5,"197"
196,"IA- SIOUX CITY",3,"371"
196,"IA- SIOUX CITY",3,"192"
196,"IA- SIOUX CITY",3,"278"
197,"IA- WATERLOO",5,"448"
197,"IA- WATERLOO",5,"253"
197,"IA- WATERLOO",5,"195"
197,"IA- WATERLOO",5,"192"
197,"IA- WATERLOO",5,"190"
200,"KS- TOPEKA",4,"268"
200,"KS- TOPEKA",4,"277"
200,"KS- TOPEKA",4,"278"
200,"KS- TOPEKA",4,"201"
201,"KS- WICHITA",9,"267"
201,"KS- WICHITA",9,"340"
201,"KS- WICHITA",9,"268"
201,"KS- WICHITA",9,"200"
201,"KS- WICHITA",9,"102"
201,"KS- WICHITA",9,"339"
201,"KS- WICHITA",9,"103"
201,"KS- WICHITA",9,"277"
201,"KS- WICHITA",9,"383"
203,"KY- COVINGTON",2,"205"
203,"KY- COVINGTON",2,"204"
204,"KY- LEXINGTON",9,"377"
204,"KY- LEXINGTON",9,"327"
204,"KY- LEXINGTON",9,"443"
204,"KY- LEXINGTON",9,"444"
204,"KY- LEXINGTON",9,"380"
204,"KY- LEXINGTON",9,"205"
204,"KY- LEXINGTON",9,"329"
204,"KY- LEXINGTON",9,"203"
204,"KY- LEXINGTON",9,"376"
205,"KY- LOUISVILLE",7,"327"
205,"KY- LOUISVILLE",7,"183"
205,"KY- LOUISVILLE",7,"207"
205,"KY- LOUISVILLE",7,"380"
205,"KY- LOUISVILLE",7,"204"
205,"KY- LOUISVILLE",7,"203"
205,"KY- LOUISVILLE",7,"179"
207,"KY- OWENSBORO",4,"380"
207,"KY- OWENSBORO",4,"205"
207,"KY- OWENSBORO",4,"208"
207,"KY- OWENSBORO",4,"179"
208,"KY- PADUCAH",7,"379"
208,"KY- PADUCAH",7,"273"
208,"KY- PADUCAH",7,"263"
208,"KY- PADUCAH",7,"374"
208,"KY- PADUCAH",7,"207"
208,"KY- PADUCAH",7,"380"
208,"KY- PADUCAH",7,"179"
209,"LA- ALEXANDRIA",6,"259"
209,"LA- ALEXANDRIA",6,"217"
209,"LA- ALEXANDRIA",6,"219"
209,"LA- ALEXANDRIA",6,"213"
209,"LA- ALEXANDRIA",6,"210"
209,"LA- ALEXANDRIA",6,"214"
210,"LA- BATON ROUGE",5,"259"
210,"LA- BATON ROUGE",5,"209"
210,"LA- BATON ROUGE",5,"213"
210,"LA- BATON ROUGE",5,"212"
210,"LA- BATON ROUGE",5,"216"
212,"LA- HOUMA",3,"213"
212,"LA- HOUMA",3,"210"
212,"LA- HOUMA",3,"218"
213,"LA- LAFAYETTE",4,"209"
213,"LA- LAFAYETTE",4,"210"
213,"LA- LAFAYETTE",4,"212"
213,"LA- LAFAYETTE",4,"214"
214,"LA- LAKE CHARLES",3,"209"
214,"LA- LAKE CHARLES",3,"213"
214,"LA- LAKE CHARLES",3,"386"
216,"LA- METAIRIE",5,"259"
216,"LA- METAIRIE",5,"258"
216,"LA- METAIRIE",5,"210"
216,"LA- METAIRIE",5,"220"
216,"LA- METAIRIE",5,"218"
217,"LA- MONROE",4,"259"
217,"LA- MONROE",4,"19"
217,"LA- MONROE",4,"209"
217,"LA- MONROE",4,"219"
218,"LA- NEW ORLEANS",3,"212"
218,"LA- NEW ORLEANS",3,"216"
218,"LA- NEW ORLEANS",3,"220"
219,"LA- SHREVEPORT",7,"397"
219,"LA- SHREVEPORT",7,"416"
219,"LA- SHREVEPORT",7,"399"
219,"LA- SHREVEPORT",7,"19"
219,"LA- SHREVEPORT",7,"209"
219,"LA- SHREVEPORT",7,"217"
219,"LA- SHREVEPORT",7,"22"
220,"LA- SLIDELL",4,"258"
220,"LA- SLIDELL",4,"216"
220,"LA- SLIDELL",4,"218"
220,"LA- SLIDELL",4,"257"
221,"ME- BANGOR",1,"222"
222,"ME- PORTLAND",3,"282"
222,"ME- PORTLAND",3,"281"
222,"ME- PORTLAND",3,"221"
223,"MD- BALTIMORE",8,"113"
223,"MD- BALTIMORE",8,"355"
223,"MD- BALTIMORE",8,"352"
223,"MD- BALTIMORE",8,"363"
223,"MD- BALTIMORE",8,"226"
223,"MD- BALTIMORE",8,"112"
223,"MD- BALTIMORE",8,"225"
223,"MD- BALTIMORE",8,"12"
225,"MD- SALISBURY",3,"223"
225,"MD- SALISBURY",3,"112"
225,"MD- SALISBURY",3,"430"
226,"MD- TAKOMA PARK",2,"113"
226,"MD- TAKOMA PARK",2,"223"
227,"MA- BOSTON",3,"282"
227,"MA- BOSTON",3,"231"
227,"MA- BOSTON",3,"364"
230,"MA- SPRINGFIELD",4,"281"
230,"MA- SPRINGFIELD",4,"231"
230,"MA- SPRINGFIELD",4,"295"
230,"MA- SPRINGFIELD",4,"110"
231,"MA- WORCESTER",6,"282"
231,"MA- WORCESTER",6,"281"
231,"MA- WORCESTER",6,"230"
231,"MA- WORCESTER",6,"227"
231,"MA- WORCESTER",6,"110"
231,"MA- WORCESTER",6,"364"
232,"MI- ANN ARBOR",9,"180"
232,"MI- ANN ARBOR",9,"238"
232,"MI- ANN ARBOR",9,"239"
232,"MI- ANN ARBOR",9,"233"
232,"MI- ANN ARBOR",9,"245"
232,"MI- ANN ARBOR",9,"244"
232,"MI- ANN ARBOR",9,"235"
232,"MI- ANN ARBOR",9,"234"
232,"MI- ANN ARBOR",9,"334"
233,"MI- DEARBORN",3,"232"
233,"MI- DEARBORN",3,"234"
233,"MI- DEARBORN",3,"334"
234,"MI- DETROIT",5,"233"
234,"MI- DETROIT",5,"232"
234,"MI- DETROIT",5,"245"
234,"MI- DETROIT",5,"235"
234,"MI- DETROIT",5,"246"
235,"MI- FLINT",6,"239"
235,"MI- FLINT",6,"232"
235,"MI- FLINT",6,"245"
235,"MI- FLINT",6,"244"
235,"MI- FLINT",6,"234"
235,"MI- FLINT",6,"246"
236,"MI- GRAND RAPIDS",5,"249"
236,"MI- GRAND RAPIDS",5,"248"
236,"MI- GRAND RAPIDS",5,"238"
236,"MI- GRAND RAPIDS",5,"242"
236,"MI- GRAND RAPIDS",5,"239"
238,"MI- KALAMAZOO",6,"180"
238,"MI- KALAMAZOO",6,"187"
238,"MI- KALAMAZOO",6,"248"
238,"MI- KALAMAZOO",6,"239"
238,"MI- KALAMAZOO",6,"236"
238,"MI- KALAMAZOO",6,"232"
239,"MI- LANSING",6,"249"
239,"MI- LANSING",6,"238"
239,"MI- LANSING",6,"236"
239,"MI- LANSING",6,"232"
239,"MI- LANSING",6,"235"
239,"MI- LANSING",6,"246"
240,"MI- MARQUETTE",4,"456"
240,"MI- MARQUETTE",4,"243"
240,"MI- MARQUETTE",4,"447"
240,"MI- MARQUETTE",4,"250"
242,"MI- MUSKEGON",2,"249"
242,"MI- MUSKEGON",2,"236"
243,"MI- PETOSKEY",3,"240"
243,"MI- PETOSKEY",3,"249"
243,"MI- PETOSKEY",3,"246"
244,"MI- PONTIAC",3,"232"
244,"MI- PONTIAC",3,"245"
244,"MI- PONTIAC",3,"235"
245,"MI- ROYAL OAK",4,"232"
245,"MI- ROYAL OAK",4,"244"
245,"MI- ROYAL OAK",4,"235"
245,"MI- ROYAL OAK",4,"234"
246,"MI- SAGINAW",6,"249"
246,"MI- SAGINAW",6,"243"
246,"MI- SAGINAW",6,"239"
246,"MI- SAGINAW",6,"156"
246,"MI- SAGINAW",6,"235"
246,"MI- SAGINAW",6,"234"
248,"MI- ST JOSEPH",4,"187"
248,"MI- ST JOSEPH",4,"181"
248,"MI- ST JOSEPH",4,"238"
248,"MI- ST JOSEPH",4,"236"
249,"MI- TRAVERSE CITY",5,"243"
249,"MI- TRAVERSE CITY",5,"242"
249,"MI- TRAVERSE CITY",5,"239"
249,"MI- TRAVERSE CITY",5,"236"
249,"MI- TRAVERSE CITY",5,"246"
250,"MN- DULUTH",4,"450"
250,"MN- DULUTH",4,"456"
250,"MN- DULUTH",4,"240"
250,"MN- DULUTH",4,"251"
251,"MN- MINNEAPOLIS",10,"448"
251,"MN- MINNEAPOLIS",10,"450"
251,"MN- MINNEAPOLIS",10,"371"
251,"MN- MINNEAPOLIS",10,"323"
251,"MN- MINNEAPOLIS",10,"322"
251,"MN- MINNEAPOLIS",10,"254"
251,"MN- MINNEAPOLIS",10,"253"
251,"MN- MINNEAPOLIS",10,"256"
251,"MN- MINNEAPOLIS",10,"250"
251,"MN- MINNEAPOLIS",10,"195"
253,"MN- ROCHESTER",5,"448"
253,"MN- ROCHESTER",5,"251"
253,"MN- ROCHESTER",5,"256"
253,"MN- ROCHESTER",5,"195"
253,"MN- ROCHESTER",5,"197"
254,"MN- ST CLOUD",1,"251"
256,"MN- ST PAUL",2,"251"
256,"MN- ST PAUL",2,"253"
257,"MS- GULFPORT",3,"6"
257,"MS- GULFPORT",3,"258"
257,"MS- GULFPORT",3,"220"
258,"MS- HATTIESBURG",6,"6"
258,"MS- HATTIESBURG",6,"259"
258,"MS- HATTIESBURG",6,"260"
258,"MS- HATTIESBURG",6,"216"
258,"MS- HATTIESBURG",6,"220"
258,"MS- HATTIESBURG",6,"257"
259,"MS- JACKSON",9,"379"
259,"MS- JACKSON",9,"261"
259,"MS- JACKSON",9,"258"
259,"MS- JACKSON",9,"262"
259,"MS- JACKSON",9,"260"
259,"MS- JACKSON",9,"209"
259,"MS- JACKSON",9,"217"
259,"MS- JACKSON",9,"210"
259,"MS- JACKSON",9,"216"
260,"MS- MERIDIAN",6,"6"
260,"MS- MERIDIAN",6,"1"
260,"MS- MERIDIAN",6,"9"
260,"MS- MERIDIAN",6,"259"
260,"MS- MERIDIAN",6,"258"
260,"MS- MERIDIAN",6,"262"
261,"MS- OXFORD",3,"259"
261,"MS- OXFORD",3,"379"
261,"MS- OXFORD",3,"262"
262,"MS- TUPELO",6,"1"
262,"MS- TUPELO",6,"9"
262,"MS- TUPELO",6,"259"
262,"MS- TUPELO",6,"379"
262,"MS- TUPELO",6,"261"
262,"MS- TUPELO",6,"260"
263,"MO- CAPE GIRARDEAU",4,"379"
263,"MO- CAPE GIRARDEAU",4,"273"
263,"MO- CAPE GIRARDEAU",4,"18"
263,"MO- CAPE GIRARDEAU",4,"208"
264,"MO- COLUMBIA",6,"270"
264,"MO- COLUMBIA",6,"273"
264,"MO- COLUMBIA",6,"268"
264,"MO- COLUMBIA",6,"172"
264,"MO- COLUMBIA",6,"192"
264,"MO- COLUMBIA",6,"194"
267,"MO- JOPLIN",5,"270"
267,"MO- JOPLIN",5,"340"
267,"MO- JOPLIN",5,"268"
267,"MO- JOPLIN",5,"21"
267,"MO- JOPLIN",5,"201"
268,"MO- KANSAS CITY",7,"270"
268,"MO- KANSAS CITY",7,"267"
268,"MO- KANSAS CITY",7,"264"
268,"MO- KANSAS CITY",7,"192"
268,"MO- KANSAS CITY",7,"200"
268,"MO- KANSAS CITY",7,"278"
268,"MO- KANSAS CITY",7,"201"
270,"MO- SPRINGFIELD",7,"273"
270,"MO- SPRINGFIELD",7,"267"
270,"MO- SPRINGFIELD",7,"264"
270,"MO- SPRINGFIELD",7,"268"
270,"MO- SPRINGFIELD",7,"21"
270,"MO- SPRINGFIELD",7,"19"
270,"MO- SPRINGFIELD",7,"18"
273,"MO- ST LOUIS",7,"270"
273,"MO- ST LOUIS",7,"263"
273,"MO- ST LOUIS",7,"264"
273,"MO- ST LOUIS",7,"172"
273,"MO- ST LOUIS",7,"18"
273,"MO- ST LOUIS",7,"208"
273,"MO- ST LOUIS",7,"179"
274,"MT- BILLINGS",8,"370"
274,"MT- BILLINGS",8,"324"
274,"MT- BILLINGS",8,"321"
274,"MT- BILLINGS",8,"276"
274,"MT- BILLINGS",8,"152"
274,"MT- BILLINGS",8,"275"
274,"MT- BILLINGS",8,"457"
274,"MT- BILLINGS",8,"423"
275,"MT- GREAT FALLS",2,"276"
275,"MT- GREAT FALLS",2,"274"
276,"MT- MISSOULA",5,"440"
276,"MT- MISSOULA",5,"151"
276,"MT- MISSOULA",5,"152"
276,"MT- MISSOULA",5,"275"
276,"MT- MISSOULA",5,"274"
277,"NE- LINCOLN",6,"371"
277,"NE- LINCOLN",6,"200"
277,"NE- LINCOLN",6,"103"
277,"NE- LINCOLN",6,"278"
277,"NE- LINCOLN",6,"201"
277,"NE- LINCOLN",6,"370"
278,"NE- OMAHA",6,"371"
278,"NE- OMAHA",6,"268"
278,"NE- OMAHA",6,"196"
278,"NE- OMAHA",6,"192"
278,"NE- OMAHA",6,"200"
278,"NE- OMAHA",6,"277"
279,"NV- LAS VEGAS",6,"12"
279,"NV- LAS VEGAS",6,"79"
279,"NV- LAS VEGAS",6,"69"
279,"NV- LAS VEGAS",6,"80"
279,"NV- LAS VEGAS",6,"423"
279,"NV- LAS VEGAS",6,"280"
280,"NV- RENO",9,"151"
280,"NV- RENO",9,"343"
280,"NV- RENO",9,"341"
280,"NV- RENO",9,"279"
280,"NV- RENO",9,"423"
280,"NV- RENO",9,"43"
280,"NV- RENO",9,"58"
280,"NV- RENO",9,"31"
280,"NV- RENO",9,"77"
281,"NH- LEBANON",6,"282"
281,"NH- LEBANON",6,"222"
281,"NH- LEBANON",6,"230"
281,"NH- LEBANON",6,"231"
281,"NH- LEBANON",6,"295"
281,"NH- LEBANON",6,"424"
282,"NH- MANCHESTER",4,"281"
282,"NH- MANCHESTER",4,"222"
282,"NH- MANCHESTER",4,"231"
282,"NH- MANCHESTER",4,"227"
283,"NJ- CAMDEN",3,"112"
283,"NJ- CAMDEN",3,"288"
283,"NJ- CAMDEN",3,"356"
284,"NJ- HACKENSACK",4,"292"
284,"NJ- HACKENSACK",4,"308"
284,"NJ- HACKENSACK",4,"289"
284,"NJ- HACKENSACK",4,"291"
285,"NJ- MORRISTOWN",9,"295"
285,"NJ- MORRISTOWN",9,"292"
285,"NJ- MORRISTOWN",9,"308"
285,"NJ- MORRISTOWN",9,"360"
285,"NJ- MORRISTOWN",9,"288"
285,"NJ- MORRISTOWN",9,"289"
285,"NJ- MORRISTOWN",9,"291"
285,"NJ- MORRISTOWN",9,"346"
285,"NJ- MORRISTOWN",9,"356"
288,"NJ- NEW BRUNSWICK",4,"283"
288,"NJ- NEW BRUNSWICK",4,"285"
288,"NJ- NEW BRUNSWICK",4,"289"
288,"NJ- NEW BRUNSWICK",4,"356"
289,"NJ- NEWARK",4,"285"
289,"NJ- NEWARK",4,"288"
289,"NJ- NEWARK",4,"284"
289,"NJ- NEWARK",4,"291"
291,"NJ- PATERSON",4,"285"
291,"NJ- PATERSON",4,"292"
291,"NJ- PATERSON",4,"289"
291,"NJ- PATERSON",4,"284"
292,"NJ- RIDGEWOOD",4,"285"
292,"NJ- RIDGEWOOD",4,"308"
292,"NJ- RIDGEWOOD",4,"284"
292,"NJ- RIDGEWOOD",4,"291"
293,"NM- ALBUQUERQUE",8,"393"
293,"NM- ALBUQUERQUE",8,"102"
293,"NM- ALBUQUERQUE",8,"400"
293,"NM- ALBUQUERQUE",8,"15"
293,"NM- ALBUQUERQUE",8,"105"
293,"NM- ALBUQUERQUE",8,"12"
293,"NM- ALBUQUERQUE",8,"383"
293,"NM- ALBUQUERQUE",8,"423"
295,"NY- ALBANY",11,"281"
295,"NY- ALBANY",11,"230"
295,"NY- ALBANY",11,"285"
295,"NY- ALBANY",11,"111"
295,"NY- ALBANY",11,"110"
295,"NY- ALBANY",11,"308"
295,"NY- ALBANY",11,"424"
295,"NY- ALBANY",11,"300"
295,"NY- ALBANY",11,"296"
295,"NY- ALBANY",11,"307"
295,"NY- ALBANY",11,"360"
296,"NY- BINGHAMTON",5,"295"
296,"NY- BINGHAMTON",5,"304"
296,"NY- BINGHAMTON",5,"307"
296,"NY- BINGHAMTON",5,"359"
296,"NY- BINGHAMTON",5,"360"
297,"NY- BRONX",2,"308"
297,"NY- BRONX",2,"303"
299,"NY- BUFFALO",2,"304"
299,"NY- BUFFALO",2,"351"
300,"NY- ELMIRA",5,"295"
300,"NY- ELMIRA",5,"424"
300,"NY- ELMIRA",5,"304"
300,"NY- ELMIRA",5,"307"
300,"NY- ELMIRA",5,"359"
301,"NY- EAST LONG ISLAND",1,"303"
303,"NY- NEW YORK",3,"301"
303,"NY- NEW YORK",3,"308"
303,"NY- NEW YORK",3,"297"
304,"NY- ROCHESTER",6,"299"
304,"NY- ROCHESTER",6,"300"
304,"NY- ROCHESTER",6,"296"
304,"NY- ROCHESTER",6,"307"
304,"NY- ROCHESTER",6,"351"
304,"NY- ROCHESTER",6,"359"
307,"NY- SYRACUSE",5,"295"
307,"NY- SYRACUSE",5,"424"
307,"NY- SYRACUSE",5,"304"
307,"NY- SYRACUSE",5,"300"
307,"NY- SYRACUSE",5,"296"
308,"NY- WHITE PLAINS",8,"295"
308,"NY- WHITE PLAINS",8,"285"
308,"NY- WHITE PLAINS",8,"292"
308,"NY- WHITE PLAINS",8,"111"
308,"NY- WHITE PLAINS",8,"284"
308,"NY- WHITE PLAINS",8,"109"
308,"NY- WHITE PLAINS",8,"297"
308,"NY- WHITE PLAINS",8,"303"
309,"NC- ASHEVILLE",7,"375"
309,"NC- ASHEVILLE",7,"377"
309,"NC- ASHEVILLE",7,"369"
309,"NC- ASHEVILLE",7,"311"
309,"NC- ASHEVILLE",7,"315"
309,"NC- ASHEVILLE",7,"144"
309,"NC- ASHEVILLE",7,"368"
311,"NC- CHARLOTTE",8,"312"
311,"NC- CHARLOTTE",8,"313"
311,"NC- CHARLOTTE",8,"320"
311,"NC- CHARLOTTE",8,"367"
311,"NC- CHARLOTTE",8,"369"
311,"NC- CHARLOTTE",8,"315"
311,"NC- CHARLOTTE",8,"309"
311,"NC- CHARLOTTE",8,"366"
312,"NC- DURHAM",9,"319"
312,"NC- DURHAM",9,"318"
312,"NC- DURHAM",9,"313"
312,"NC- DURHAM",9,"320"
312,"NC- DURHAM",9,"367"
312,"NC- DURHAM",9,"311"
312,"NC- DURHAM",9,"428"
312,"NC- DURHAM",9,"431"
312,"NC- DURHAM",9,"432"
313,"NC- GREENSBORO",3,"312"
313,"NC- GREENSBORO",3,"320"
313,"NC- GREENSBORO",3,"311"
314,"NC- GREENVILLE",3,"319"
314,"NC- GREENVILLE",3,"318"
314,"NC- GREENVILLE",3,"430"
315,"NC- HICKORY",4,"320"
315,"NC- HICKORY",4,"375"
315,"NC- HICKORY",4,"311"
315,"NC- HICKORY",4,"309"
318,"NC- RALEIGH",5,"319"
318,"NC- RALEIGH",5,"312"
318,"NC- RALEIGH",5,"314"
318,"NC- RALEIGH",5,"431"
318,"NC- RALEIGH",5,"430"
319,"NC- WILMINGTON",5,"312"
319,"NC- WILMINGTON",5,"314"
319,"NC- WILMINGTON",5,"318"
319,"NC- WILMINGTON",5,"365"
319,"NC- WILMINGTON",5,"367"
320,"NC- WINSTON-SALEM",7,"312"
320,"NC- WINSTON-SALEM",7,"313"
320,"NC- WINSTON-SALEM",7,"375"
320,"NC- WINSTON-SALEM",7,"311"
320,"NC- WINSTON-SALEM",7,"315"
320,"NC- WINSTON-SALEM",7,"376"
320,"NC- WINSTON-SALEM",7,"432"
321,"ND- BISMARCK",5,"371"
321,"ND- BISMARCK",5,"322"
321,"ND- BISMARCK",5,"370"
321,"ND- BISMARCK",5,"324"
321,"ND- BISMARCK",5,"274"
322,"ND- FARGO MOORHEAD -MN",5,"371"
322,"ND- FARGO MOORHEAD -MN",5,"323"
322,"ND- FARGO MOORHEAD -MN",5,"251"
322,"ND- FARGO MOORHEAD -MN",5,"324"
322,"ND- FARGO MOORHEAD -MN",5,"321"
323,"ND- GRAND FORKS",3,"322"
323,"ND- GRAND FORKS",3,"251"
323,"ND- GRAND FORKS",3,"324"
324,"ND- MINOT",4,"323"
324,"ND- MINOT",4,"322"
324,"ND- MINOT",4,"321"
324,"ND- MINOT",4,"274"
325,"OH- AKRON",3,"326"
325,"OH- AKRON",3,"328"
325,"OH- AKRON",3,"335"
326,"OH- CANTON",5,"329"
326,"OH- CANTON",5,"325"
326,"OH- CANTON",5,"328"
326,"OH- CANTON",5,"357"
326,"OH- CANTON",5,"335"
327,"OH- CINCINNATI",6,"183"
327,"OH- CINCINNATI",6,"330"
327,"OH- CINCINNATI",6,"332"
327,"OH- CINCINNATI",6,"205"
327,"OH- CINCINNATI",6,"329"
327,"OH- CINCINNATI",6,"204"
328,"OH- CLEVELAND",7,"329"
328,"OH- CLEVELAND",7,"326"
328,"OH- CLEVELAND",7,"331"
328,"OH- CLEVELAND",7,"325"
328,"OH- CLEVELAND",7,"334"
328,"OH- CLEVELAND",7,"351"
328,"OH- CLEVELAND",7,"335"
329,"OH- COLUMBUS",10,"327"
329,"OH- COLUMBUS",10,"443"
329,"OH- COLUMBUS",10,"444"
329,"OH- COLUMBUS",10,"330"
329,"OH- COLUMBUS",10,"332"
329,"OH- COLUMBUS",10,"326"
329,"OH- COLUMBUS",10,"204"
329,"OH- COLUMBUS",10,"328"
329,"OH- COLUMBUS",10,"334"
329,"OH- COLUMBUS",10,"357"
330,"OH- DAYTON",7,"327"
330,"OH- DAYTON",7,"183"
330,"OH- DAYTON",7,"185"
330,"OH- DAYTON",7,"180"
330,"OH- DAYTON",7,"332"
330,"OH- DAYTON",7,"329"
330,"OH- DAYTON",7,"334"
331,"OH- ELYRIA",1,"328"
332,"OH- KETTERING",3,"327"
332,"OH- KETTERING",3,"330"
332,"OH- KETTERING",3,"329"
334,"OH- TOLEDO",6,"180"
334,"OH- TOLEDO",6,"330"
334,"OH- TOLEDO",6,"233"
334,"OH- TOLEDO",6,"232"
334,"OH- TOLEDO",6,"329"
334,"OH- TOLEDO",6,"328"
335,"OH- YOUNGSTOWN",5,"326"
335,"OH- YOUNGSTOWN",5,"325"
335,"OH- YOUNGSTOWN",5,"328"
335,"OH- YOUNGSTOWN",5,"351"
335,"OH- YOUNGSTOWN",5,"357"
336,"OK- LAWTON",3,"391"
336,"OK- LAWTON",3,"420"
336,"OK- LAWTON",3,"339"
339,"OK- OKLAHOMA CITY",8,"391"
339,"OK- OKLAHOMA CITY",8,"420"
339,"OK- OKLAHOMA CITY",8,"340"
339,"OK- OKLAHOMA CITY",8,"336"
339,"OK- OKLAHOMA CITY",8,"22"
339,"OK- OKLAHOMA CITY",8,"201"
339,"OK- OKLAHOMA CITY",8,"16"
339,"OK- OKLAHOMA CITY",8,"383"
340,"OK- TULSA",5,"267"
340,"OK- TULSA",5,"21"
340,"OK- TULSA",5,"339"
340,"OK- TULSA",5,"201"
340,"OK- TULSA",5,"16"
341,"OR- BEND",6,"151"
341,"OR- BEND",6,"342"
341,"OR- BEND",6,"343"
341,"OR- BEND",6,"344"
341,"OR- BEND",6,"345"
341,"OR- BEND",6,"280"
342,"OR- EUGENE",4,"343"
342,"OR- EUGENE",4,"341"
342,"OR- EUGENE",4,"344"
342,"OR- EUGENE",4,"345"
343,"OR- MEDFORD",4,"342"
343,"OR- MEDFORD",4,"341"
343,"OR- MEDFORD",4,"73"
343,"OR- MEDFORD",4,"280"
344,"OR- PORTLAND",7,"440"
344,"OR- PORTLAND",7,"151"
344,"OR- PORTLAND",7,"342"
344,"OR- PORTLAND",7,"341"
344,"OR- PORTLAND",7,"345"
344,"OR- PORTLAND",7,"438"
344,"OR- PORTLAND",7,"442"
345,"OR- SALEM",3,"342"
345,"OR- SALEM",3,"341"
345,"OR- SALEM",3,"344"
346,"PA- ALLENTOWN",6,"285"
346,"PA- ALLENTOWN",6,"360"
346,"PA- ALLENTOWN",6,"350"
346,"PA- ALLENTOWN",6,"358"
346,"PA- ALLENTOWN",6,"362"
346,"PA- ALLENTOWN",6,"356"
347,"PA- ALTOONA",6,"113"
347,"PA- ALTOONA",6,"351"
347,"PA- ALTOONA",6,"352"
347,"PA- ALTOONA",6,"354"
347,"PA- ALTOONA",6,"357"
347,"PA- ALTOONA",6,"350"
350,"PA- DANVILLE",7,"351"
350,"PA- DANVILLE",7,"359"
350,"PA- DANVILLE",7,"352"
350,"PA- DANVILLE",7,"347"
350,"PA- DANVILLE",7,"358"
350,"PA- DANVILLE",7,"362"
350,"PA- DANVILLE",7,"346"
351,"PA- ERIE",8,"328"
351,"PA- ERIE",8,"299"
351,"PA- ERIE",8,"304"
351,"PA- ERIE",8,"359"
351,"PA- ERIE",8,"347"
351,"PA- ERIE",8,"357"
351,"PA- ERIE",8,"350"
351,"PA- ERIE",8,"335"
352,"PA- HARRISBURG",7,"113"
352,"PA- HARRISBURG",7,"355"
352,"PA- HARRISBURG",7,"347"
352,"PA- HARRISBURG",7,"350"
352,"PA- HARRISBURG",7,"358"
352,"PA- HARRISBURG",7,"363"
352,"PA- HARRISBURG",7,"223"
354,"PA- JOHNSTOWN",4,"445"
354,"PA- JOHNSTOWN",4,"113"
354,"PA- JOHNSTOWN",4,"347"
354,"PA- JOHNSTOWN",4,"357"
355,"PA- LANCASTER",5,"352"
355,"PA- LANCASTER",5,"358"
355,"PA- LANCASTER",5,"223"
355,"PA- LANCASTER",5,"112"
355,"PA- LANCASTER",5,"356"
356,"PA- PHILADELPHIA",7,"283"
356,"PA- PHILADELPHIA",7,"285"
356,"PA- PHILADELPHIA",7,"355"
356,"PA- PHILADELPHIA",7,"358"
356,"PA- PHILADELPHIA",7,"112"
356,"PA- PHILADELPHIA",7,"288"
356,"PA- PHILADELPHIA",7,"346"
357,"PA- PITTSBURGH",8,"443"
357,"PA- PITTSBURGH",8,"445"
357,"PA- PITTSBURGH",8,"329"
357,"PA- PITTSBURGH",8,"326"
357,"PA- PITTSBURGH",8,"351"
357,"PA- PITTSBURGH",8,"354"
357,"PA- PITTSBURGH",8,"347"
357,"PA- PITTSBURGH",8,"335"
358,"PA- READING",5,"355"
358,"PA- READING",5,"352"
358,"PA- READING",5,"350"
358,"PA- READING",5,"346"
358,"PA- READING",5,"356"
359,"PA- SAYRE",7,"304"
359,"PA- SAYRE",7,"300"
359,"PA- SAYRE",7,"296"
359,"PA- SAYRE",7,"351"
359,"PA- SAYRE",7,"360"
359,"PA- SAYRE",7,"350"
359,"PA- SAYRE",7,"362"
360,"PA- SCRANTON",6,"295"
360,"PA- SCRANTON",6,"285"
360,"PA- SCRANTON",6,"296"
360,"PA- SCRANTON",6,"359"
360,"PA- SCRANTON",6,"362"
360,"PA- SCRANTON",6,"346"
362,"PA- WILKES-BARRE",4,"359"
362,"PA- WILKES-BARRE",4,"360"
362,"PA- WILKES-BARRE",4,"350"
362,"PA- WILKES-BARRE",4,"346"
363,"PA- YORK",2,"352"
363,"PA- YORK",2,"223"
364,"RI- PROVIDENCE",4,"231"
364,"RI- PROVIDENCE",4,"227"
364,"RI- PROVIDENCE",4,"111"
364,"RI- PROVIDENCE",4,"110"
365,"SC- CHARLESTON",5,"319"
365,"SC- CHARLESTON",5,"367"
365,"SC- CHARLESTON",5,"145"
365,"SC- CHARLESTON",5,"366"
365,"SC- CHARLESTON",5,"149"
366,"SC- COLUMBIA",7,"365"
366,"SC- COLUMBIA",7,"367"
366,"SC- COLUMBIA",7,"369"
366,"SC- COLUMBIA",7,"311"
366,"SC- COLUMBIA",7,"144"
366,"SC- COLUMBIA",7,"368"
366,"SC- COLUMBIA",7,"145"
367,"SC- FLORENCE",5,"319"
367,"SC- FLORENCE",5,"312"
367,"SC- FLORENCE",5,"365"
367,"SC- FLORENCE",5,"311"
367,"SC- FLORENCE",5,"366"
368,"SC- GREENVILLE",4,"369"
368,"SC- GREENVILLE",4,"144"
368,"SC- GREENVILLE",4,"309"
368,"SC- GREENVILLE",4,"366"
369,"SC- SPARTANBURG",4,"311"
369,"SC- SPARTANBURG",4,"309"
369,"SC- SPARTANBURG",4,"368"
369,"SC- SPARTANBURG",4,"366"
370,"SD- RAPID CITY",6,"371"
370,"SD- RAPID CITY",6,"103"
370,"SD- RAPID CITY",6,"277"
370,"SD- RAPID CITY",6,"321"
370,"SD- RAPID CITY",6,"457"
370,"SD- RAPID CITY",6,"274"
371,"SD- SIOUX FALLS",9,"322"
371,"SD- SIOUX FALLS",9,"251"
371,"SD- SIOUX FALLS",9,"196"
371,"SD- SIOUX FALLS",9,"195"
371,"SD- SIOUX FALLS",9,"192"
371,"SD- SIOUX FALLS",9,"277"
371,"SD- SIOUX FALLS",9,"278"
371,"SD- SIOUX FALLS",9,"370"
371,"SD- SIOUX FALLS",9,"321"
373,"TN- CHATTANOOGA",6,"377"
373,"TN- CHATTANOOGA",6,"148"
373,"TN- CHATTANOOGA",6,"144"
373,"TN- CHATTANOOGA",6,"1"
373,"TN- CHATTANOOGA",6,"5"
373,"TN- CHATTANOOGA",6,"380"
374,"TN- JACKSON",3,"379"
374,"TN- JACKSON",3,"380"
374,"TN- JACKSON",3,"208"
375,"TN- JOHNSON CITY",5,"320"
375,"TN- JOHNSON CITY",5,"377"
375,"TN- JOHNSON CITY",5,"315"
375,"TN- JOHNSON CITY",5,"309"
375,"TN- JOHNSON CITY",5,"376"
376,"TN- KINGSPORT",6,"320"
376,"TN- KINGSPORT",6,"375"
376,"TN- KINGSPORT",6,"377"
376,"TN- KINGSPORT",6,"443"
376,"TN- KINGSPORT",6,"204"
376,"TN- KINGSPORT",6,"432"
377,"TN- KNOXVILLE",7,"375"
377,"TN- KNOXVILLE",7,"373"
377,"TN- KNOXVILLE",7,"144"
377,"TN- KNOXVILLE",7,"309"
377,"TN- KNOXVILLE",7,"380"
377,"TN- KNOXVILLE",7,"204"
377,"TN- KNOXVILLE",7,"376"
379,"TN- MEMPHIS",10,"1"
379,"TN- MEMPHIS",10,"259"
379,"TN- MEMPHIS",10,"261"
379,"TN- MEMPHIS",10,"262"
379,"TN- MEMPHIS",10,"263"
379,"TN- MEMPHIS",10,"374"
379,"TN- MEMPHIS",10,"380"
379,"TN- MEMPHIS",10,"19"
379,"TN- MEMPHIS",10,"18"
379,"TN- MEMPHIS",10,"208"
380,"TN- NASHVILLE",10,"377"
380,"TN- NASHVILLE",10,"373"
380,"TN- NASHVILLE",10,"1"
380,"TN- NASHVILLE",10,"5"
380,"TN- NASHVILLE",10,"379"
380,"TN- NASHVILLE",10,"374"
380,"TN- NASHVILLE",10,"207"
380,"TN- NASHVILLE",10,"205"
380,"TN- NASHVILLE",10,"204"
380,"TN- NASHVILLE",10,"208"
382,"TX- ABILENE",9,"394"
382,"TX- ABILENE",9,"420"
382,"TX- ABILENE",9,"400"
382,"TX- ABILENE",9,"430"
382,"TX- ABILENE",9,"385"
382,"TX- ABILENE",9,"413"
382,"TX- ABILENE",9,"411"
382,"TX- ABILENE",9,"412"
382,"TX- ABILENE",9,"418"
383,"TX- AMARILLO",6,"420"
383,"TX- AMARILLO",6,"102"
383,"TX- AMARILLO",6,"400"
383,"TX- AMARILLO",6,"339"
383,"TX- AMARILLO",6,"293"
383,"TX- AMARILLO",6,"201"
385,"TX- AUSTIN",5,"397"
385,"TX- AUSTIN",5,"382"
385,"TX- AUSTIN",5,"413"
385,"TX- AUSTIN",5,"388"
385,"TX- AUSTIN",5,"412"
386,"TX- BEAUMONT",2,"397"
386,"TX- BEAUMONT",2,"214"
388,"TX- BRYAN",5,"397"
388,"TX- BRYAN",5,"416"
388,"TX- BRYAN",5,"385"
388,"TX- BRYAN",5,"413"
388,"TX- BRYAN",5,"418"
390,"TX- CORPUS CHRISTI",5,"391"
390,"TX- CORPUS CHRISTI",5,"402"
390,"TX- CORPUS CHRISTI",5,"396"
390,"TX- CORPUS CHRISTI",5,"412"
390,"TX- CORPUS CHRISTI",5,"417"
391,"TX- DALLAS",8,"394"
391,"TX- DALLAS",8,"416"
391,"TX- DALLAS",8,"420"
391,"TX- DALLAS",8,"336"
391,"TX- DALLAS",8,"22"
391,"TX- DALLAS",8,"339"
391,"TX- DALLAS",8,"390"
391,"TX- DALLAS",8,"418"
393,"TX- EL PASO",3,"400"
393,"TX- EL PASO",3,"293"
393,"TX- EL PASO",3,"406"
394,"TX- FORT WORTH",4,"391"
394,"TX- FORT WORTH",4,"420"
394,"TX- FORT WORTH",4,"382"
394,"TX- FORT WORTH",4,"418"
396,"TX- HARLINGEN",2,"402"
396,"TX- HARLINGEN",2,"390"
397,"TX- HOUSTON",7,"416"
397,"TX- HOUSTON",7,"219"
397,"TX- HOUSTON",7,"385"
397,"TX- HOUSTON",7,"388"
397,"TX- HOUSTON",7,"386"
397,"TX- HOUSTON",7,"412"
397,"TX- HOUSTON",7,"417"
399,"TX- LONGVIEW",3,"416"
399,"TX- LONGVIEW",3,"219"
399,"TX- LONGVIEW",3,"22"
400,"TX- LUBBOCK",7,"420"
400,"TX- LUBBOCK",7,"393"
400,"TX- LUBBOCK",7,"293"
400,"TX- LUBBOCK",7,"382"
400,"TX- LUBBOCK",7,"406"
400,"TX- LUBBOCK",7,"411"
400,"TX- LUBBOCK",7,"383"
402,"TX- MCALLEN",3,"396"
402,"TX- MCALLEN",3,"412"
402,"TX- MCALLEN",3,"390"
406,"TX- ODESSA",4,"393"
406,"TX- ODESSA",4,"400"
406,"TX- ODESSA",4,"411"
406,"TX- ODESSA",4,"412"
411,"TX- SAN ANGELO",4,"400"
411,"TX- SAN ANGELO",4,"382"
411,"TX- SAN ANGELO",4,"406"
411,"TX- SAN ANGELO",4,"412"
412,"TX- SAN ANTONIO",8,"397"
412,"TX- SAN ANTONIO",8,"382"
412,"TX- SAN ANTONIO",8,"385"
412,"TX- SAN ANTONIO",8,"406"
412,"TX- SAN ANTONIO",8,"411"
412,"TX- SAN ANTONIO",8,"402"
412,"TX- SAN ANTONIO",8,"390"
412,"TX- SAN ANTONIO",8,"417"
413,"TX- TEMPLE",4,"382"
413,"TX- TEMPLE",4,"385"
413,"TX- TEMPLE",4,"388"
413,"TX- TEMPLE",4,"418"
416,"TX- TYLER",7,"391"
416,"TX- TYLER",7,"397"
416,"TX- TYLER",7,"399"
416,"TX- TYLER",7,"219"
416,"TX- TYLER",7,"22"
416,"TX- TYLER",7,"388"
416,"TX- TYLER",7,"418"
417,"TX- VICTORIA",3,"397"
417,"TX- VICTORIA",3,"412"
417,"TX- VICTORIA",3,"390"
418,"TX- WACO",6,"394"
418,"TX- WACO",6,"391"
418,"TX- WACO",6,"416"
418,"TX- WACO",6,"382"
418,"TX- WACO",6,"413"
418,"TX- WACO",6,"388"
420,"TX- WICHITA FALLS",7,"394"
420,"TX- WICHITA FALLS",7,"391"
420,"TX- WICHITA FALLS",7,"336"
420,"TX- WICHITA FALLS",7,"400"
420,"TX- WICHITA FALLS",7,"339"
420,"TX- WICHITA FALLS",7,"382"
420,"TX- WICHITA FALLS",7,"383"
421,"UT- OGDEN",1,"423"
422,"UT- PROVO",1,"423"
423,"UT- SALT LAKE CITY",12,"103"
423,"UT- SALT LAKE CITY",12,"105"
423,"UT- SALT LAKE CITY",12,"293"
423,"UT- SALT LAKE CITY",12,"12"
423,"UT- SALT LAKE CITY",12,"151"
423,"UT- SALT LAKE CITY",12,"421"
423,"UT- SALT LAKE CITY",12,"152"
423,"UT- SALT LAKE CITY",12,"457"
423,"UT- SALT LAKE CITY",12,"274"
423,"UT- SALT LAKE CITY",12,"279"
423,"UT- SALT LAKE CITY",12,"422"
423,"UT- SALT LAKE CITY",12,"280"
424,"VT- BURLINGTON",4,"281"
424,"VT- BURLINGTON",4,"295"
424,"VT- BURLINGTON",4,"300"
424,"VT- BURLINGTON",4,"307"
426,"VA- ARLINGTON",4,"427"
426,"VA- ARLINGTON",4,"431"
426,"VA- ARLINGTON",4,"435"
426,"VA- ARLINGTON",4,"113"
427,"VA- CHARLOTTESVILLE",7,"443"
427,"VA- CHARLOTTESVILLE",7,"445"
427,"VA- CHARLOTTESVILLE",7,"428"
427,"VA- CHARLOTTESVILLE",7,"431"
427,"VA- CHARLOTTESVILLE",7,"435"
427,"VA- CHARLOTTESVILLE",7,"426"
427,"VA- CHARLOTTESVILLE",7,"432"
428,"VA- LYNCHBURG",4,"312"
428,"VA- LYNCHBURG",4,"427"
428,"VA- LYNCHBURG",4,"431"
428,"VA- LYNCHBURG",4,"432"
429,"VA- NEWPORT NEWS",2,"431"
429,"VA- NEWPORT NEWS",2,"430"
430,"VA- NORFOLK",6,"314"
430,"VA- NORFOLK",6,"318"
430,"VA- NORFOLK",6,"431"
430,"VA- NORFOLK",6,"429"
430,"VA- NORFOLK",6,"225"
430,"VA- NORFOLK",6,"382"
431,"VA- RICHMOND",7,"312"
431,"VA- RICHMOND",7,"318"
431,"VA- RICHMOND",7,"428"
431,"VA- RICHMOND",7,"427"
431,"VA- RICHMOND",7,"426"
431,"VA- RICHMOND",7,"429"
431,"VA- RICHMOND",7,"430"
432,"VA- ROANOKE",6,"312"
432,"VA- ROANOKE",6,"320"
432,"VA- ROANOKE",6,"443"
432,"VA- ROANOKE",6,"376"
432,"VA- ROANOKE",6,"428"
432,"VA- ROANOKE",6,"427"
435,"VA- WINCHESTER",4,"445"
435,"VA- WINCHESTER",4,"427"
435,"VA- WINCHESTER",4,"426"
435,"VA- WINCHESTER",4,"113"
437,"WA- EVERETT",3,"440"
437,"WA- EVERETT",3,"439"
437,"WA- EVERETT",3,"442"
438,"WA- OLYMPIA",4,"344"
438,"WA- OLYMPIA",4,"439"
438,"WA- OLYMPIA",4,"441"
438,"WA- OLYMPIA",4,"442"
439,"WA- SEATTLE",4,"437"
439,"WA- SEATTLE",4,"438"
439,"WA- SEATTLE",4,"441"
439,"WA- SEATTLE",4,"442"
440,"WA- SPOKANE",5,"151"
440,"WA- SPOKANE",5,"276"
440,"WA- SPOKANE",5,"344"
440,"WA- SPOKANE",5,"437"
440,"WA- SPOKANE",5,"442"
441,"WA- TACOMA",2,"438"
441,"WA- TACOMA",2,"439"
442,"WA- YAKIMA",5,"440"
442,"WA- YAKIMA",5,"344"
442,"WA- YAKIMA",5,"437"
442,"WA- YAKIMA",5,"438"
442,"WA- YAKIMA",5,"439"
443,"WV- CHARLESTON",8,"444"
443,"WV- CHARLESTON",8,"445"
443,"WV- CHARLESTON",8,"329"
443,"WV- CHARLESTON",8,"204"
443,"WV- CHARLESTON",8,"376"
443,"WV- CHARLESTON",8,"427"
443,"WV- CHARLESTON",8,"432"
443,"WV- CHARLESTON",8,"357"
444,"WV- HUNTINGTON",3,"443"
444,"WV- HUNTINGTON",3,"329"
444,"WV- HUNTINGTON",3,"204"
445,"WV- MORGANTOWN",6,"443"
445,"WV- MORGANTOWN",6,"427"
445,"WV- MORGANTOWN",6,"435"
445,"WV- MORGANTOWN",6,"113"
445,"WV- MORGANTOWN",6,"354"
445,"WV- MORGANTOWN",6,"357"
446,"WI- APPLETON",5,"450"
446,"WI- APPLETON",5,"452"
446,"WI- APPLETON",5,"456"
446,"WI- APPLETON",5,"447"
446,"WI- APPLETON",5,"451"
447,"WI- GREEN BAY",4,"456"
447,"WI- GREEN BAY",4,"240"
447,"WI- GREEN BAY",4,"446"
447,"WI- GREEN BAY",4,"451"
448,"WI- LA CROSSE",7,"450"
448,"WI- LA CROSSE",7,"449"
448,"WI- LA CROSSE",7,"251"
448,"WI- LA CROSSE",7,"253"
448,"WI- LA CROSSE",7,"193"
448,"WI- LA CROSSE",7,"190"
448,"WI- LA CROSSE",7,"197"
449,"WI- MADISON",6,"448"
449,"WI- MADISON",6,"450"
449,"WI- MADISON",6,"452"
449,"WI- MADISON",6,"451"
449,"WI- MADISON",6,"193"
449,"WI- MADISON",6,"171"
450,"WI- MARSHFIELD",7,"448"
450,"WI- MARSHFIELD",7,"449"
450,"WI- MARSHFIELD",7,"452"
450,"WI- MARSHFIELD",7,"456"
450,"WI- MARSHFIELD",7,"446"
450,"WI- MARSHFIELD",7,"251"
450,"WI- MARSHFIELD",7,"250"
451,"WI- MILWAUKEE",7,"158"
451,"WI- MILWAUKEE",7,"449"
451,"WI- MILWAUKEE",7,"452"
451,"WI- MILWAUKEE",7,"446"
451,"WI- MILWAUKEE",7,"447"
451,"WI- MILWAUKEE",7,"161"
451,"WI- MILWAUKEE",7,"171"
452,"WI- NEENAH",4,"450"
452,"WI- NEENAH",4,"449"
452,"WI- NEENAH",4,"446"
452,"WI- NEENAH",4,"451"
456,"WI- WAUSAU",5,"450"
456,"WI- WAUSAU",5,"240"
456,"WI- WAUSAU",5,"446"
456,"WI- WAUSAU",5,"447"
456,"WI- WAUSAU",5,"250"
457,"WY- CASPER",5,"103"
457,"WY- CASPER",5,"104"
457,"WY- CASPER",5,"370"
457,"WY- CASPER",5,"274"
457,"WY- CASPER",5,"423"
